cea130021448763b15f4b16af184bbab4be118fb,drivers/media/dvb-frontends/drxd_hard.c,2,1,7778
c51a4de85de720670f2fbc592a6f8040af72ad87,include/acpi/acresrc.h,3,3,418
c51a4de85de720670f2fbc592a6f8040af72ad87,drivers/acpi/utilities/utresrc.c,9,9,418
584ec22759c06cdfc189c03a727f20038526245b,drivers/idle/i7300_idle.c,2,2,197
dfc602524b9f4ecc6de9a3050667412176db7c55,drivers/power/bq24257_charger.c,4,4,3970
61686124f47d7c4b78610346c5f8f9d8a6d46bb5,drivers/acpi/utilities/utresrc.c,105,45,418
090d1cf103725f583b3f41fc3185698ae5a7aa64,drivers/cpuidle/cpuidle-calxeda.c,1,2,83
c46288b09e1a5b5741a7e1a575d5f53f79132d39,drivers/rtc/rtc-s35390a.c,316,0,18358
c864cb145dc2218cfad9fe53d323b54b48dbab6c,drivers/scsi/dpti.h,2,4,18050
51126deb201c59cc8cdc4873e3d130d6bc60513d,drivers/staging/rt2860/sta/wpa.c,31,31,12581
61cf45d0199041df1a8ba334b6bf4a3a13b7f904,security/keys/Makefile,1,1,829
3470cb1d4fb27572273079e7095734ac4f9caa43,drivers/net/8390.h,0,4,12446
fbae3fb1546e199ab0cd185348f8124411a1ca9d,drivers/rtc/rtc-s35390a.c,0,2,3748
1d676e02970d9e511c9b96101501da90954ee265,drivers/mmc/sdhci.h,3,0,17042
0fb849b9d743a20056f2418cd955e5c650658663,arch/sh/kernel/time_64.c,2,2,10721
b14f2d357675bd7fb4e5a705ac7320a9638ecab5,tools/perf/Documentation/perf-bench.txt,1,2,502
1dad6c7bd7dd158ef874f7382615cedc21a1f48d,arch/m68k/amiga/chipram.c,1,1,318
bb2956e8e1976d876a755896f5be287cb7e766b2,drivers/power/bq24257_charger.c,63,3,3970
846793b3f926da8224f15c438043f08dd5f11882,drivers/media/rc/st_rc.c,1,1,1587
4f73bc4dd3e8563ef4109f293a092820dff66d92,drivers/tty/Makefile,1,1,10845
fe5cbc6e06c7d8b3a86f6f5491d74766bb5c2827,include/linux/raid/pq.h,1,0,6528
0783fcfc4dc19b8bb99bd51b7afa669ba4cbd377,fs/btrfs/mkfs.c,20,15,12074
d0be4a7d29ad0bd3ce2209dd9e46d410b632db59,drivers/scsi/dpti.h,1,1,108
3afc557d77d090adbabe52c0f40f11626709b37a,drivers/net/ethernet/broadcom/bcmsysport.h,2,2,83
7b892806b09dca77db8ef6acbb6c51271578d34d,arch/m68k/amiga/chipram.c,0,2,16606
df3e9c057e502c0d46ba37cbb67d52904e97b4c4,drivers/cpufreq/exynos4x12-cpufreq.c,0,2,7988
c5540fbb9de39ceec108a889133664a887c2f55a,drivers/media/rc/st_rc.c,1,1,5763
eefa864b701d78dc9753c70a3540a2e9ae192595,mm/Kconfig.debug,9,0,2269
e5f77f4a2ff2d6ce2d973ebc62084d92f203c9f6,drivers/net/ethernet/intel/i40evf/i40e_virtchnl.h,1,0,103
d5302fe41ffb28d0a48be6a71becba36d3453ae0,include/linux/raid/pq.h,2,0,4826
18279b467a9d89afe44afbc19d768e834dbf4545,include/linux/pmem.h,3,10,38
63f44b2bfccdd98193bbd602747f780c0fae0f02,include/linux/micrel_phy.h,0,1,216
9bb601935b8495cd4ef8aea389df77233d6be5dd,drivers/media/common/saa7146_vbi.c,15,16,1829
cb4f9988f86746fff3183d31381deb2b2a421a3a,arch/m68k/amiga/chipram.c,1,1,318
8a98495c7008d5bdede3d53e05e69ecdc0bc614b,arch/mips/lib/r3k_dump_tlb.c,9,9,206
e30825f1869a75b29a69dc8e0aaaaccc492092cf,mm/Kconfig.debug,1,0,2269
96db255c8f014ae3497507104e8df809785a619f,drivers/acpi/utilities/utresrc.c,428,0,418
d65817b4e707068c2dd3e002e87c2a0294aabc2c,tools/perf/Documentation/perf-bench.txt,3,0,16
ed7ea13efb753b77fc18bdf62fbf196c8e693ca6,drivers/staging/gma500/psb_drm.h,0,11,13482
0650fd5824e07570f0c43980b81bb23ae917f1d7,drivers/char/drm/drm_sysfs.c,30,100,12414
1216198935d476e33affd104f0b4210c1fcc2477,drivers/media/platform/vsp1/vsp1_dl.c,67,4,644
fe04ddf7c2910362f3817c8156e41cbd6c0ee35d,scripts/package/buildtar,1,1,5032
8f78dfebb8fc14c94900e8f6939c21f8f826c764,drivers/staging/rt3070/common/cmm_data.c,3,36,12581
19e21b1d6d51a14c79ee3bc80352d665c7772b1c,drivers/char/hw_random/atmel-rng.c,0,2,6156
b8262a6dfad8825e0b117fe5e3a1715a585bbd79,drivers/net/ethernet/intel/i40evf/i40e_virtchnl.h,1,0,2976
9fbc04f2493929a69fd9e53b5fb53c127d7950d5,tools/perf/Documentation/perf-bench.txt,120,0,12420
bab7696184bbf0ea48d56902bd1f9ac983079ad2,drivers/mmc/sdhci.h,1,0,17042
69190e67d4fac49e2f6ea22f46780d0c712214b8,include/linux/micrel_phy.h,12,0,1316
8da4b8c48e7b43cb16d05e1dbb34ad9f73ab7efd,fs/reiserfs/objectid.c,1,1,43
be120397e7709d9d5ed88317a385ce864a2603bc,drivers/cpuidle/cpuidle-calxeda.c,7,7,224
b7cdd9e6323af368e26121c5b791eddc78e79fea,drivers/staging/gma500/psb_drm.h,0,219,12414
7b78be48a8eb6c34e4e1b1581eceff4074bb4bf1,drivers/net/ethernet/broadcom/bcmsysport.h,1,1,81
b7785e954348465e1926d9c10ff3e49c207d4ec6,arch/m68k/amiga/chipram.c,11,11,318
bcb63314e2c23f1ed622418b65f9409512659c73,drivers/media/dvb-frontends/drxd_hard.c,2,6,480
a8a4b79b53fc7cbb023afedf58b04dd4e9bbb114,fs/reiserfs/objectid.c,0,1,1107
d06f107bcd828a6c3ecd4a7d449d5d0c0dba0326,drivers/bluetooth/btintel.h,9,0,2705
221ff3d0d59bcb20671e3e36b8417b52ca0de89f,drivers/media/dvb-frontends/drxd_hard.c,0,4,8045
bbc81fd4327f9ed4480b05981e38acd48b1d184a,arch/arm/mach-omap2/omap-hotplug.c,0,8,3136
4c8d819343461d3c3b8d99874cb2ae0ec59ad34a,drivers/cpufreq/exynos4x12-cpufreq.c,33,6,6683
0cfbfde65aec4cd9ae4e7971f8a3e42c69e8e24f,drivers/power/bq24257_charger.c,78,6,3970
0b77f5bfb45c13e1e5142374f9d6ca75292252a4,security/keys/Makefile,1,0,122
fe4a3c7a20f14d86022a8132adbf6ddb98e7197c,drivers/mmc/sdhci.h,0,1,17042
728674a7e466628df2aeec6d11a2ae1ef968fb67,drivers/tty/Makefile,1,0,12414
96601adb745186ccbcf5b078d4756f13381ec2af,include/linux/pmem.h,22,14,197
bd4c625c061c2a38568d0add3478f59172455159,fs/reiserfs/objectid.c,151,151,20069
e836a256e8fd579c9d7a3685f22981225a1ca451,include/linux/pmem.h,9,19,197
c1accaa21bdef38ec0f36eaaf7ce3384fff9d0c5,drivers/media/common/saa7146_vbi.c,5,3,1972
aac307f9dd5ce1fe651140a036ab4b0a0571b54a,drivers/staging/comedi/drivers/amplc_pci263.c,1,1,157
9f5fae2fe6dc35b46bf56183f11398451851cb3f,fs/btrfs/mkfs.c,37,6,12074
9b1cf1e44d91e80b17a315d04193b1764ca82a15,drivers/power/bq24257_charger.c,11,18,3970
1261ec42b3d3a3ad878bd172144940e3ac710749,fs/btrfs/mkfs.c,93,1,12074
993709edbfece976804ae0d52385fc6315e73064,drivers/staging/rt3070/common/cmm_data.c,18,40,12581
b61873922d2c0029411304e66f810f5133b32c4d,drivers/media/platform/vsp1/vsp1_dl.c,14,7,243
2e635a278354a1a7951e16cfea4c247d6d0e7c99,fs/btrfs/mkfs.c,0,255,12074
fefecc6989b4b24276797270c0e229c07be02ad3,drivers/staging/rt2860/sta/wpa.c,0,374,231
7fd0ac66c2de5767e234fea6436d28dce210da80,drivers/net/ethernet/intel/i40evf/i40e_virtchnl.h,0,1,103
b932ccb5674eb649133b5c33950405c37d17aab3,drivers/char/drm/drm_sysfs.c,1,1,882
bbdf6e888dfd4e8c4ee748c6d8803a1d343c5def,drivers/staging/rt2870/common/cmm_info.c,0,13,12581
b96fc2f3c145815359ac1f9f12cc5c852b9ba3f5,arch/arm/mach-omap2/omap-hotplug.c,1,1,588
4246a0b63bd8f56a1469b12eafeb875b1041a451,drivers/block/rsxx/dev.c,6,3,108
3e2f29e4137c78a3bd7e1b85cf287ff375f6367e,drivers/gpu/drm/msm/msm_fb.c,2,0,1124
3e0c190dbf51f587ac78b3b1bcd85648a7dbe166,drivers/cpuidle/cpuidle-calxeda.c,1,1,6156
44a4524c54af2059bd7e967b0527fb7c6618672a,drivers/net/ethernet/broadcom/bcmsysport.h,62,15,81
121daad8fd1dce63076fa55aaedd5dc3f981b334,drivers/char/hw_random/atmel-rng.c,7,0,10913
84717059b36187025c6483566de6873661787c74,drivers/staging/rt3070/common/cmm_data.c,5,47,12581
a01e28f692088e9789ebb0c374fdac83de59899b,drivers/misc/mic/host/mic_x100.c,247,0,2037
2f9f26bd8614740b3c3b950394d945a99492a28e,drivers/platform/x86/dell-smbios.c,194,0,1241
fbaa72d56424553f0aa434d8816a0da7a9071415,drivers/misc/mic/host/mic_x100.c,2,2,33
e8edf53b198f5656d5ae99685bc6c1f616662b3d,drivers/platform/x86/dell-smbios.c,16,0,1241
bc395add945659e04cc7cf250755ba0edc1a9fdc,scripts/package/buildtar,2,2,18699
defba1d8f233c0d5cf3e1ea6aeb898eca7231860,drivers/acpi/utilities/utresrc.c,109,0,418
f15cbe6f1a4b4d9df59142fc8e4abb973302cf44,arch/sh/kernel/time_64.c,2,2,10721
1da2b3eeef3667dbb92749f269e81757a6a79a16,drivers/misc/mic/host/mic_x100.c,23,23,3513
60a66e370007e8535b7a561353b07b37deaf35ba,drivers/cpuidle/cpuidle-calxeda.c,12,6,511
0fc0686e64d21a6abded96af2b1a895dfa8b2530,drivers/media/common/saa7146_vbi.c,5,5,14296
c3a9c2109f84882b9b3178f6b1838d550d3df0ec,fs/reiserfs/objectid.c,1,1,453
8c49a77ca451541938f90008f419fca965b76b72,drivers/block/rsxx/dev.c,5,3,9500
49debb5684009d56ec5a0f930e513b1044db5e76,drivers/staging/rt3070/common/cmm_data.c,0,1,12581
09df123d2d128c52987f11c85397cdbc9ffc89c6,drivers/bluetooth/btintel.h,9,0,2706
0ab4743ebc18c23bddf3e288cfc6221ec71533ac,drivers/block/rsxx/dev.c,3,3,9500
2f211c84ad40469c15226e899b720624fbd28e20,tools/perf/Documentation/perf-bench.txt,7,8,502
91980990527258a075361490cecadbb7356fc0d2,drivers/staging/rt2860/sta/wpa.c,2086,0,12414
ee45ddc1e03afc221afad273503b6c2fc0683008,drivers/media/dvb-frontends/drxd_hard.c,2,3,10852
75a44ce00b312f57264f42a0a985d17cd9994b98,include/acpi/acresrc.h,1,1,1117
03713bd226caece8e089490a47f093f5193e5e96,arch/sh/kernel/time_64.c,0,1,10721
145f2368c5fd7962e37315ccc092670743019d08,drivers/bluetooth/btintel.h,7,0,2705
59e6473980f321c16299e12db69d1fabc2644a6f,include/linux/pmem.h,19,0,197
3160fbc556aa2e60404fa4da35b3e13dd741a5a2,drivers/media/video/ovcamchip/ovcamchip_core.c,89,113,294
cf27e1eec063fa68a89c57ae0a83f93aa38851d6,fs/btrfs/mkfs.c,4,4,12074
472cd3db7b47a0720678e4c7cc1a472d2c06c218,drivers/staging/comedi/drivers/amplc_pci263.c,1,3,157
1c5d2265a82f8d3fa0471a60ca98072b3c53c299,arch/blackfin/mach-common/ints-priority-dc.c,3,0,1395
a406f5a3b68ee1db2306a2ba1c9b00dbd3505d05,drivers/mmc/sdhci.h,3,3,17042
487e873dd3f8d7ede7635896e19376ef78157721,drivers/staging/gma500/psb_drm.h,104,402,13482
08bff03ed697a583612b62a6ac566bd5bce98012,drivers/media/common/saa7146_vbi.c,1,1,294
b39ba19cf3d0f8a7c86bfcf0b0964b0d4c1fae33,drivers/media/dvb-frontends/drxd_hard.c,0,6,1587
3e24767b78744c7f335ca8c485ab0a0dcec693ec,drivers/bluetooth/btintel.h,6,0,2706
22691aec19371c0817565c3af54e276884e908ee,drivers/staging/comedi/drivers/amplc_pci263.c,127,0,558
c206c70924737db6836382c09ad2dacd04bb6204,drivers/block/rsxx/dev.c,1,1,9500
d897d7edee8eaf0a8f7924a9502fd68e72041f8c,drivers/misc/mic/host/mic_x100.c,5,6,33
c8afe684c95cd17cf4f273d81af369a0fdfa5a74,drivers/gpu/drm/msm/msm_fb.c,202,0,1124
732052ed3e7539d87136dd833be523747af3fb3e,drivers/char/drm/drm_sysfs.c,28,39,20927
708ab62bef1ed3a3cf065a4138bd87f5d083cfeb,include/linux/pmem.h,8,5,108
aa380ea0c54e491f7f31e8180514766dd3e6cd91,drivers/media/platform/vsp1/vsp1_dl.c,1,4,644
7c071a0a08f6c6327b86df918d2dda728355d457,drivers/power/bq24257_charger.c,45,10,3970
74eaa42b5c2808b37f15a2911cfeb7544790ee93,drivers/staging/rt2860/sta/wpa.c,0,5,12581
2141ec629c9c9a70c905cfebcc8fa69373dd982a,drivers/staging/dt3155/dt3155_isr.c,20,20,2217
115924b6bdc7cc6bf7da5b933b09281e1f4e17a9,drivers/net/vmxnet3/vmxnet3_defs.h,160,85,6140
6ab3d5624e172c553004ecc862bfeac16d9d68b7,fs/reiserfs/objectid.c,0,1,20468
44f6c01242da4e162f28d8e1216a8c7a91174605,include/acpi/acresrc.h,11,55,15397
8823b1dbc05fab1a8bec275eeae4709257c2661d,mm/Kconfig.debug,23,1,4240
ca97b8388838ee9ea4b4bad04948f8f7f8a607a3,drivers/staging/rt2860/sta/wpa.c,498,1495,12581
c04d66bbbdbbc7b5d55c42795f29e494190f8fb3,arch/blackfin/mach-common/ints-priority-dc.c,2,2,18202
fae91e72b79ba9a21f0ce7551a1fd7e8984c85a6,drivers/media/video/ovcamchip/ovcamchip_core.c,3,3,9086
0f7499fddb153a333dff3c1dc4280c178b9b5a80,drivers/media/rc/st_rc.c,1,2,289
cb16176380cca991dba162952941ad04ae760d0e,drivers/platform/x86/dell-smbios.c,2,2,1241
df673b227ce08a7706b30fd2bf6512393d9c3c29,drivers/mmc/sdhci.h,2,0,17042
40df3831f9b2fa386f55b580f294ea4f686704be,arch/mips/lib/r3k_dump_tlb.c,1,0,8100
dcff74ce8b458792c1628ad9f3803fc648f94e11,drivers/staging/dt3155/dt3155_isr.c,23,28,12414
dd83829ed9da6262487252851ca0aa67600d7d56,drivers/net/vmxnet3/vmxnet3_defs.h,1,1,3057
7d46d9e6dbffe8780aa8430a63543d3f7ba92860,mm/Kconfig.debug,1,0,15785
be99af6679174e5d0e9f36fc8c18318a8ce34bca,drivers/media/video/ovcamchip/ovcamchip_core.c,0,1,9086
c5c44531ad00ed87078e799f0932c220031aa1c9,drivers/staging/gma500/psb_drm.h,7,8,1022
6ab3d5624e172c553004ecc862bfeac16d9d68b7,drivers/char/drm/drm_sysfs.c,0,1,20468
3bd32722c827d00eafe8e6d5b83e9f3148ea7c7e,drivers/rtc/rtc-s35390a.c,30,17,1236
d4ef098e4cd836b3726781eabe064d7010b6eaa8,drivers/misc/mic/host/mic_x100.c,8,0,5495
dd2da6e34672100b5fd811fbf2cf97e29c08080f,drivers/gpu/drm/msm/msm_fb.c,1,0,1124
abf84383ecadc8ada1963f9976e887c6f0b1bad9,drivers/media/common/saa7146_vbi.c,2,2,467
06ed4b316e8e24b6899ece7186c6a7a0129326ba,fs/btrfs/mkfs.c,69,0,12074
b277da0a8a594308e17881f4926879bd5fca2a2d,drivers/block/rsxx/dev.c,1,0,149
843e44a1347f97671c2f943c0d41f135e134bdb6,drivers/media/dvb-frontends/drxd_hard.c,4,4,1829
13c520b2993c9faae6770264d33ff1e1ea4c2ceb,include/linux/raid/pq.h,1,0,1996
6aa20a2235535605db6d6d2bd850298b2fe7f31e,drivers/net/8390.h,1,1,3547
5227e8a2a373b07b313492c62653147f1f117995,drivers/rtc/rtc-s35390a.c,2,2,1236
09d1485649a46fda2c5f76b9c870d820d4d8d029,drivers/staging/dt3155/dt3155_isr.c,2,2,6157
a6afd9f3e819de4795fcd356e5bfad446e4323f2,drivers/tty/Makefile,13,0,12414
e08bae5ab24ee8c34e6b0c5197136af77ae12275,drivers/staging/rt2860/sta/wpa.c,0,3,12581
6782ea9ae8c2aa82dfeab84cb168126fbcbf4526,arch/blackfin/mach-common/ints-priority-dc.c,2,2,1395
7939fef4d3911695c78cb067f1e4c16056a9f113,drivers/media/platform/vsp1/vsp1_dl.c,3,4,644
1a1934fab0c920f0d3bceeb60c9fe2dae8a56be9,drivers/media/rc/st_rc.c,1,1,206
ba1b5c44e2a9fed6f97fb10da3b4da164d4a26e4,drivers/misc/mic/host/mic_x100.c,6,1,33
dcd83aaff1c8cbd5b48c152b559e0af3ea1a7b65,drivers/tty/Makefile,1,0,10804
61873d0a1b29fa10f0c679ee9c64defb4c6a1f06,drivers/staging/comedi/drivers/amplc_pci263.c,1,2,558
1c8cde92fa5c57daa9ff58d970ca6374f8d484a2,drivers/mmc/sdhci.h,4,0,17042
50a5ce3e7116a70edb7a1d1d209e3bc537752427,drivers/net/vmxnet3/vmxnet3_defs.h,10,3,3057
be568e78dbb35383fdfd0563fd0cfbbff1bc42d0,arch/arc/kernel/intc-arcv2.c,11,1,538
d129bceb1d44ed3c23b99164849193703372bab4,drivers/mmc/sdhci.h,185,0,17042
4a90c7e86202f46fa9af011bdbcdf36e355d1721,include/acpi/acresrc.h,1,1,418
76e48896c0b7b25a65740f03c6c5d3f35a02fd74,drivers/media/platform/vsp1/vsp1_dl.c,97,21,2016
d7f5499dc22fbb45e9e6bab53be5e3b241122444,arch/mips/lib/r3k_dump_tlb.c,4,4,206
7563431107f6debf57c1dbecfb9498cf31a1c036,arch/sh/kernel/time_64.c,3,49,12545
82dfcbfe63500c80335d0cd5f91a35d4545a1fb2,arch/arm/mach-omap2/omap-hotplug.c,1,1,2167
0db2180fce6ada548f03c4f456ba2113753cdba9,drivers/platform/x86/dell-smbios.c,2,2,1241
67af2b060e027c84b8e48d77e00b2369d997c0d4,drivers/scsi/dpti.h,3,3,18050
8a9947552d43b0d20d5fa23ac0ba435d526be454,drivers/media/video/ovcamchip/ovcamchip_core.c,0,1,9086
3bcb03f3a7160e411c5f335028a5c70b32f0edb7,arch/mips/lib/r3k_dump_tlb.c,0,2,3767
ce3a35d3c00918296e552af5ecc7b771af766436,drivers/media/common/saa7146_vbi.c,0,1,1972
f466c6fdb3b1f043ff1977a8d2a1d0cd4dc164fa,fs/reiserfs/objectid.c,1,1,1107
396642a6794bd7dc77271e5e5180de09ac3e1d33,drivers/net/ethernet/intel/i40evf/i40e_virtchnl.h,20,21,6953
b65ce83f2a607ad478c5492812f5f218e8d57a6b,drivers/idle/i7300_idle.c,0,612,1117
e44fd1cfded0e42c681ad5419b1ceea600ead29d,drivers/staging/rt2860/sta/wpa.c,0,48,12581
edfaf05c2fcb853fcf35f12aeb9c340f5913337f,arch/arm/mach-omap2/omap-hotplug.c,1,2,7031
91d161857ce9672bd2a8cd99ff712a67186e2e76,scripts/package/buildtar,5,1,5032
ee3b4290aec03022cfb67c9adba9f1b3215245f0,mm/Kconfig.debug,9,0,1175
9f7ce8e249ab761c7ed753059cb16319ede41762,security/keys/Makefile,9,3,122
ae8d8a146725a966bd7c59c94f4d0016dcf7a04f,drivers/tty/serial/lpc32xx_hs.c,1,1,10611
4a90c7e86202f46fa9af011bdbcdf36e355d1721,drivers/acpi/utilities/utresrc.c,1,1,418
6d6fd1be2a1052cbe5b04c3678b30925a9344ac7,drivers/net/ethernet/intel/i40evf/i40e_virtchnl.h,4,0,2250
d56410e0a594150c5ca06319da7bc8901c4d455e,drivers/media/video/ovcamchip/ovcamchip_core.c,3,3,1972
453fd2b395799fa2e83e3e926ff7fee810d26f92,drivers/staging/comedi/drivers/amplc_pci263.c,1,1,157
b4f6f45302a9440e26f71dab0b95906bcc3bd13a,arch/m68k/amiga/chipram.c,8,20,318
48269c78fb04a84b4d190cac8e1fbf24ded53505,arch/mips/lib/r3k_dump_tlb.c,3,2,206
a69b4f741340a52d0976636a45c9976a883f03a0,tools/perf/Documentation/perf-bench.txt,2,5,502
4e57b6817880946a3a78d5d8cad1ace363f7e449,drivers/char/drm/drm_sysfs.c,2,0,19773
baf387a8edaa4a55afeaf4f498d3891ddcb03fb7,drivers/net/ethernet/broadcom/bcmsysport.h,0,2,81
770c4c1119dbaa0e5e4c1f2e88ca8bfeb0d66b6d,drivers/media/platform/vsp1/vsp1_dl.c,2,2,92
40603526569b304dd92f720f2f8ab11e828ea145,include/linux/pmem.h,1,1,38
234e340582901211f40d8c732afc49f0630ecf05,drivers/idle/i7300_idle.c,1,6,588
3760f736716f74bdc62a4ba5406934338da93eb2,drivers/rtc/rtc-s35390a.c,7,0,9086
f8d9b5156e966e701cb17c623ffd6ebe35cc3157,drivers/gpu/drm/msm/msm_fb.c,1,1,5355
d2d50aa97d695d83ccb2341488d977e8cfe36555,arch/blackfin/mach-common/ints-priority-dc.c,1,1,3798
7d12e780e003f93433d49ce78cfedf4b4c52adc5,drivers/net/8390.h,1,1,122
e0a491c1296874a1aca51cc68452f12a4d950029,include/linux/raid/pq.h,3,0,1996
468ed2b0c85ec4310b429e60358213b6d077289e,security/keys/Makefile,1,0,122
9671f09921d93e722a28ae9610d478e092ac5466,drivers/tty/serial/lpc32xx_hs.c,1,1,10611
61686124f47d7c4b78610346c5f8f9d8a6d46bb5,include/acpi/acresrc.h,2,2,418
4cebec609aea6dff23e67a42b6516d852fa87d07,drivers/tty/Makefile,1,0,206
95813b8faa0cd315f61a8b9d9c523792370b693e,mm/Kconfig.debug,13,0,2269
cfaa72952fa7b44aa5d967cbc266110900552aef,fs/btrfs/mkfs.c,4,2,12074
be1f7c8d7e2bc8b8c76846aa6f276e8d2ef8975a,drivers/cpufreq/exynos4x12-cpufreq.c,4,7,8462
ab3c3587f8cda9083209a61dbe3a4407d3cada10,security/keys/Makefile,1,0,122
79a73d188726b473ca3bf483244bc96096831905,security/keys/Makefile,1,1,7680
107177b14d8179f864315fc4daed9da777ed30c2,arch/arc/kernel/intc-arcv2.c,4,6,537
715a022703e2d2e2e8e607fcd82f483bf8494202,drivers/net/ethernet/broadcom/bcmsysport.h,0,1,62
9d34c1cb01ddef8e99c7855513a578c066f8300f,drivers/net/ethernet/broadcom/bcmsysport.h,1,1,81
3768f3689fc76ecea17414936dff7a02746a4355,fs/btrfs/mkfs.c,119,8,12074
80f93c7b0f4599ffbdac8d964ecd1162b8b618b9,drivers/media/rc/st_rc.c,395,0,8854
bd7b9f91ddc2d08381a853bd33b3ce7d0012b1df,drivers/staging/gma500/psb_drm.h,13,0,1022
84b1fd103dbbe01b5905db1444d3fc8afa9a7207,drivers/char/drm/drm_sysfs.c,2,2,13444
f210973bb6d17aa220c797e8ea23d127d96859b7,drivers/char/drm/drm_sysfs.c,1,0,20927
2c4f829b0ce3d2fb447acca823e141094a50daa5,arch/blackfin/mach-common/ints-priority-dc.c,0,484,1395
24f73c92a990ecd3d1bb846267780a264d830065,drivers/char/drm/drm_sysfs.c,35,8,3547
50df4d8b0f6e1971b930f3158c9ee0e4263e636d,drivers/acpi/utilities/utresrc.c,1,0,418
8200e38a0cbf95dd2acaa565badb9b6a71c0e9c3,drivers/tty/Makefile,1,0,206
ac7e7d5a88b9db7b7557e22893cdf94013fafa31,drivers/staging/rt2870/common/cmm_info.c,0,322,12581
b21cb324f141d16833137ef0355f686efb9bd84f,drivers/char/hw_random/atmel-rng.c,1,11,6158
d2653e92732bd3911feff6bee5e23dbf959381db,drivers/rtc/rtc-s35390a.c,1,1,9086
3c030beabf937b1d3b4ecaedfd1fb2f1e2aa0c70,arch/arm/mach-omap2/omap-hotplug.c,2,6,3136
60b129d7bfa3e20450816983bd52c49bb0bc1c21,drivers/rtc/rtc-s35390a.c,1,1,9086
6c483de1b3c41e939b735df1861759815e125304,drivers/bluetooth/btintel.h,7,0,2705
282361a046edd9d58a134f358a3f65a7cb8655d9,drivers/tty/Makefile,2,0,12414
6d983feab80948cdd0e3920c40d453a6436eeb23,scripts/package/buildtar,111,0,20060
5a0e3ad6af8660be21ca98a971cd00f331318c05,drivers/staging/dt3155/dt3155_isr.c,1,1,26
da8e77f5e945ee92a6225c18f545630e07fc41bc,drivers/media/rc/st_rc.c,0,1,830
6ccb5d7c62845788be9aafef26132333a07708bb,drivers/staging/rt2860/sta/wpa.c,3,1,11319
9af39713feb53da96ba23fa94a73ffd0de50a815,drivers/media/common/saa7146_vbi.c,1,1,294
585954f8b808def857771037392c1621f167fa92,drivers/net/ethernet/intel/i40evf/i40e_virtchnl.h,41,3,103
03a8127ebaf0681081386ea8c4073b40dd73f90f,drivers/staging/rt2870/common/cmm_info.c,1,11,12581
ab4382d27412e7e3e7c936e8d50d8888dfac3df8,drivers/tty/Makefile,1,0,12414
80b75545adbceffebaafaea066fcea651657a62b,drivers/staging/rt2870/common/cmm_info.c,0,31,12581
c55519ff75224222f4668c92ae3733059269f575,drivers/staging/rt2870/common/cmm_info.c,3712,0,12414
7e70cb4978507cf31d76b90e4cfb4c28cad87f0c,security/keys/Makefile,1,0,829
27471fdb32e77ecb92f09d4ac5757785b4dc33bc,drivers/idle/i7300_idle.c,674,0,17581
70eef90e494aa3a941cbc3c4e196dc367e01b089,drivers/staging/dt3155/dt3155_isr.c,25,21,15066
3e30148c3d524a9c1c63ca28261bc24c457eb07a,security/keys/Makefile,2,2,122
c2c1b4156a447f113ef4d167decce29399c2667c,drivers/media/dvb-frontends/drxd_hard.c,1,1,2075
a4cd16e2e8f0924d8e3a2391edc51556cad26d99,drivers/scsi/dpti.h,0,12,12955
bcd2982a0e2af8d0506271b439af4b568fc33fdc,drivers/char/hw_random/atmel-rng.c,1,1,1004
4898e640caf03fdbaf2122d5a33949bf3e4a5b34,drivers/tty/Makefile,1,1,3890
2a22b14edfdf1dce303ec48bb934a6a2edb278b5,drivers/mmc/sdhci.h,0,1,17042
1394f03221790a988afc3e4b3cb79f2e477246a9,arch/blackfin/mach-common/ints-priority-dc.c,476,0,18202
eb9fbcc6693ad73745198bbfc7c2b0e881580f59,drivers/power/bq24257_charger.c,74,18,3970
17d7a1123f0f6d532830152564cc812cc73db2f3,tools/perf/Documentation/perf-bench.txt,2,2,11807
0f65bec15b2184dcf98dbdbf03187057de842eb5,drivers/staging/rt2860/sta/wpa.c,136,136,12581
b82b6cca488074da3852e8a54fde1d9f74bf1557,drivers/cpuidle/cpuidle-calxeda.c,0,1,511
d606ef3fe0c57504b8e534c58498f73a6abc049a,include/linux/micrel_phy.h,16,0,592
6038f373a3dc1f1c26496e60b6c40b164716f07e,drivers/idle/i7300_idle.c,1,0,118
7a9eb20666317794d0279843fbd091af93907780,include/linux/pmem.h,17,52,197
351bbf99f245f4bada0edec3b0863146d71f06a9,drivers/media/platform/vsp1/vsp1_dl.c,3,7,644
73b8922fefed64c9bcb70e25b30a069bb9e61f40,drivers/media/dvb-frontends/drxd_hard.c,2,2,7287
3fce9b667919e59a4d3d6c560a713a5f2ecaf5aa,drivers/staging/rt3070/common/cmm_data.c,0,4,12581
53831aa12538f8753fb77b7ab6408cce54973b30,drivers/net/vmxnet3/vmxnet3_defs.h,1,0,3057
0c0becd0269240cd832b7aac16fb9b48d067520e,drivers/char/hw_random/atmel-rng.c,2,6,6156
793c2388cae3fd023b3b5166354931752d42353c,drivers/acpi/utilities/utresrc.c,3,3,418
123abc88c9087b9c5605566ee3491aaef17fd837,fs/btrfs/mkfs.c,50,120,12074
381116e06fa31966f91f5caba8e433534da3ab85,drivers/staging/rt3070/common/cmm_data.c,0,46,12581
bf02dca9ee9d5f9ea7a0ef2e15a2051b8cca6b09,drivers/power/bq24257_charger.c,48,3,3970
24601bbcacb3356657747f2e64317923feb7a1a2,drivers/scsi/dpti.h,6,2,1510
4b174b6d281f5c87234fc65bafc02877f565c5cf,security/keys/Makefile,1,1,829
4951db7edc9460e5102b9c00b67ceddb09dfbe4c,drivers/char/hw_random/atmel-rng.c,7,0,560
2b48716d1d2f2edb1e7cbc5ecf1cb2cb39373e33,drivers/media/video/ovcamchip/ovcamchip_core.c,0,1,12414
de64ac92c47577a2d8c945d62ebd43c2ca296e01,drivers/staging/gma500/psb_drm.h,2,87,1022
2f262136159fedceb45b42336ae53f20bc0ff714,drivers/platform/x86/dell-smbios.c,3,3,1241
7ef62365c61572085e63e8a7c3483bacfff6e541,drivers/power/bq24257_charger.c,2,1,3970
9c12224a607a4b22ab86784e3394b52810b9507c,drivers/media/video/ovcamchip/ovcamchip_core.c,0,1,1972
77e27e9fe5bd399c9f56b941b212a58338e94463,drivers/char/drm/drm_sysfs.c,1,6,13444
34a5eeb202eb43f36dd39a287669e0b686ddf728,drivers/cpuidle/cpuidle-calxeda.c,4,0,8945
0867b42113ec4eb8646eb361b15cbcfb741ddf5b,drivers/staging/gma500/psb_drm.h,696,0,1022
3a17bfa4fb37e7f8e06ef31feafec559bd4c6699,arch/m68k/amiga/chipram.c,15,20,318
e2e88603c85218cdb7de75d94cc6521c3a180838,drivers/staging/gma500/psb_drm.h,4,4,1022
be6a98d3f00c292d347465d96acbec9d8c2783cf,drivers/cpuidle/cpuidle-calxeda.c,161,0,8945
83e82f4c706bbca3e2d9d7962e63605cc7a5fbd8,drivers/net/ethernet/broadcom/bcmsysport.h,12,0,81
4d01cdafbafc0fdeb730838ca38a48e5ca2894cd,arch/sh/kernel/time_64.c,9,158,10721
80e8bd266cf090b74e53380780371a8507692741,arch/mips/lib/r3k_dump_tlb.c,6,5,7433
5781532ebecd9e0b7b5fc25d78030bdec635f4ac,drivers/cpuidle/cpuidle-calxeda.c,1,1,9261
afd1a0c9ac281eed3b22b293ccd92af7b0d60889,drivers/media/common/saa7146_vbi.c,2,2,21000
77e844b9644026c11c5883144540155de39af767,arch/s390/include/asm/cio.h,1,0,1103
d2f3f5d2e9cae6e73f9642a5ddc8c8a07c35e79b,tools/perf/Documentation/perf-bench.txt,4,0,16
188561a462d3b82451d6ba09e2e32c9ba2c9938c,arch/s390/include/asm/cio.h,0,2,1103
3ad0b02e4c1d5feba44b8ff48dccd1ba61a826b0,drivers/idle/i7300_idle.c,3,68,17415
a2d1e1ed18dbd67c7d0e20e7c55336d075273b18,drivers/media/rc/st_rc.c,9,5,656
e2fa7227cdf132d72e7410dd0679dc573a1c2618,fs/btrfs/mkfs.c,7,7,12074
6ab3d5624e172c553004ecc862bfeac16d9d68b7,drivers/net/8390.h,0,1,20468
ffbc7b854e1e3608eec5cc54bd8aa48c711d2996,drivers/staging/rt2870/common/cmm_info.c,16,16,12581
6112ea0862facaeaeab504ee01c0d04bcd22daaf,arch/m68k/amiga/chipram.c,1,1,318
3c8b3efc061a745d888869dc3462ac4f7dd582d9,drivers/net/vmxnet3/vmxnet3_defs.h,10,1,3057
bd336e63441bcdeeccca6a698087d913a32478c5,drivers/media/dvb-frontends/drxd_hard.c,1,1,1440
a410146c3ea5cf82a52f00814c0a4142ea9768ba,drivers/cpuidle/cpuidle-calxeda.c,6,33,8945
e73a8569731aebd21832b34bf7ce8121dec2e98d,drivers/gpu/drm/msm/msm_fb.c,2,2,135
10291bff0a5f811310ac2f6d0e382d00907a2943,drivers/gpu/drm/msm/msm_fb.c,6,1,1124
8a91ed60f58451342a25f3ab4484c7257430aa8e,drivers/net/8390.h,1,1,20255
960c65e88452e761e257c6a20062c91c3e7fa5ac,arch/sh/kernel/time_64.c,17,14,8388
596f93f50e2d1a926bbb6c73aa7ee7fd862b7062,drivers/tty/serial/lpc32xx_hs.c,823,0,7864
165996bd351f0e711feff92479c0796098afaa38,drivers/net/ethernet/broadcom/bcmsysport.h,1,1,3369
d532f3d26716a39dfd4b88d687bd344fbe77e390,arch/mips/lib/r3k_dump_tlb.c,2,4,3800
6732c8bb8671acbdac6cdc93dd72ddd581dd5e25,drivers/tty/serial/lpc32xx_hs.c,1,5,924
65659f6391e5fc7e980958efc2a06276c7891586,drivers/rtc/rtc-s35390a.c,11,2,11145
1a8a51004a18b627ea81444201f7867875212f46,arch/sh/kernel/time_64.c,0,1,2302
1fadee0c364572f2b2e098b34001fbaa82ee2e00,include/linux/micrel_phy.h,1,0,392
4be44fcd3bf648b782f4460fd06dfae6c42ded4b,include/acpi/acresrc.h,123,185,1117
2f102607ac77354b02a76cf2748598ce9f270f08,drivers/idle/i7300_idle.c,5,1,1117
2c935842bdb46f5f557426feb4d2bdfdad1aa5f9,include/linux/raid/pq.h,3,0,6196
f87e904ddd8f0ef120e46045b0addeb1cc88354e,drivers/rtc/rtc-s35390a.c,31,9,1236
c7a46533ff7ef9e1c51bae6e54208527c5275b24,drivers/media/video/ovcamchip/ovcamchip_core.c,4,4,9086
7034228792cc561e79ff8600f02884bd4c80e287,arch/mips/lib/r3k_dump_tlb.c,1,1,142
641f064e5df6fb3aaeb6256031a153a5efb16ca6,drivers/staging/comedi/drivers/amplc_pci263.c,0,5,157
b9703449347603289cac0bd04e574ac2e777275d,security/keys/Makefile,1,1,829
28dc4b92e20e0fd18be2d8356abf959d58c7346a,drivers/bluetooth/btintel.h,12,0,2705
b7bca2d7ff1a232466fa5447ec27e62bf02b310f,drivers/platform/x86/dell-smbios.c,1,2,1241
14112ca5625db8a7fbdc724783510751577a8a1b,drivers/net/vmxnet3/vmxnet3_defs.h,1,1,3057
89d7ce5a0f159ffa99d0521b4336b922acdc7ac5,drivers/media/rc/st_rc.c,1,1,830
0222e6571c332563a48d4cf5487b67feabe60b5e,fs/reiserfs/objectid.c,1,1,453
2c14f28be2a3f2a2e9861b156d64fbe2bc7000c3,drivers/char/drm/drm_sysfs.c,24,21,882
50eca3eb89d73d9f0aa070b126c7ee6a616016ab,include/acpi/acresrc.h,187,125,418
62ac5aedc51485d672a5d91c262a001acecbe447,drivers/scsi/dpti.h,2,0,18050
e8afd402cc37aa2e6134c2f6e866f4a330d2da80,drivers/staging/dt3155/dt3155_isr.c,13,13,12414
078d6f71677cda935ed182dbb391e946e13766ec,drivers/staging/gma500/psb_drm.h,2,2,1022
3c865dd9c1d64046877112451f13db2cb46d4d28,arch/mips/lib/r3k_dump_tlb.c,11,0,206
59a077c4792e2226b8a95430c0f17d1098939647,drivers/bluetooth/btintel.h,33,0,2706
190af10f0b5a07140ec4ce8e6ef04b7cb238dde1,drivers/net/vmxnet3/vmxnet3_defs.h,6,3,3057
8b169fa2c942bc2a579da3f33986bd3fc48d9684,arch/m68k/amiga/chipram.c,7,0,16606
ddbb41148724367394d0880c516bfaeed127b52e,security/keys/Makefile,1,0,2089
62e2749e03a855d98855f9ce032dbe72d5fad148,fs/btrfs/mkfs.c,14,14,12074
8e6583f1b5d1f5f129b873f1428b7e414263d847,drivers/rtc/rtc-s35390a.c,53,11,1236
6bc6c9409de03987736df58c411c3aa7b5aed051,scripts/package/buildtar,1,1,27
a055b2b4de214d7c3c5382ba7e7c65d1476826b3,arch/blackfin/mach-common/ints-priority-dc.c,6,14,17881
7f099a7558e4d308ddb19b3c1737944c371b8f48,drivers/media/rc/st_rc.c,1,1,599
1ee79c8ee88e74fdd778c024caf84d741a134409,drivers/staging/comedi/drivers/amplc_pci263.c,8,7,157
ce157f8032bbd46d9427034c335b0afd751da25d,drivers/staging/comedi/drivers/amplc_pci263.c,1,0,157
bca7a5a04933700a8bde4ea5798119607a8b0436,arch/arm/mach-omap2/omap-hotplug.c,0,3,3136
7ab59dc15e2f42a4321ed016bcd6044a4d8de6d1,include/linux/micrel_phy.h,7,1,10665
6fce6a8d6940654b48d3d540627c7ee790a03b80,arch/blackfin/mach-common/ints-priority-dc.c,6,4,1395
732231a7c04f334e69af89454073f7a23405468b,arch/arm/mach-omap2/omap-hotplug.c,1,1,574
a5282f447d5e50cf285770226156a566e73687c2,drivers/net/ethernet/intel/i40evf/i40e_virtchnl.h,0,4,3784
ec128510905caf078d82d9f95fd872e97192fd93,drivers/tty/serial/lpc32xx_hs.c,3,0,578
0705135e59f8503e4dade4b3580fed77b1743b7c,drivers/media/common/saa7146_vbi.c,2,2,17627
6073aa643f52fd12b02f0532dc96287f4c3293b5,scripts/package/buildtar,13,18,20060
de77aaff5f0178f44867f131deb5e2cb1610fe6b,drivers/scsi/dpti.h,1,1,15462
77501a79cec40eac65c59ee7af3f786c703ead9c,include/linux/micrel_phy.h,1,0,725
60d4ae8d436b8be6a8aedb63440203d5395e9f53,drivers/tty/Makefile,2,0,12414
6a84f57241e1fb9fb6772256f538d1073359a32d,include/linux/raid/pq.h,2,0,1996
c6ec883212a9f7a341c16dc141e41c40b2b2c238,drivers/cpuidle/cpuidle-calxeda.c,0,1,2630
fa573f72790c2c2b9bfd758c5d33959af4a39915,drivers/block/rsxx/dev.c,4,25,2675
4edef40ef5f8d09a0b1ded4d1d9b0e988cd98e97,drivers/net/vmxnet3/vmxnet3_defs.h,28,4,3057
dab531b4305bc2852ce6f934dc283464d46871a5,drivers/net/ethernet/broadcom/bcmsysport.h,3,3,81
95a2b3c0a9e2a8038edbf3f9776d5a3d76146459,tools/perf/Documentation/perf-bench.txt,22,0,8539
a53c8fab3f87c995c30ac226a03af95361243144,arch/s390/include/asm/cio.h,0,3,145
6a11f75b6a17b5d9ac5025f8d048382fd1f47377,mm/Kconfig.debug,17,0,1175
14996122a47bb489233629533bc059af50628ec8,drivers/tty/serial/lpc32xx_hs.c,4,3,735
2f82f57763d97700788cf228de1cf30ffd4153b4,arch/s390/include/asm/cio.h,1,1,82
854c5548dfad017920a36201d40449fdbad90bfb,tools/perf/Documentation/perf-bench.txt,3,3,13276
62eb734b490c3851deb5cdba99e477f102549b68,drivers/staging/rt2860/sta/wpa.c,16,16,12581
7848ea79025d07a5b35bfebb700f11999e5be69e,scripts/package/buildtar,21,0,9855
d2fc439b99820cccd6978918c260730dd97bf373,arch/s390/include/asm/cio.h,26,1,1103
25985edcedea6396277003854657b5f3cb31a628,arch/s390/include/asm/cio.h,1,1,10375
25985edcedea6396277003854657b5f3cb31a628,scripts/package/buildtar,1,1,10375
1f012279163af2f1bec30de42960f0312be3a52e,drivers/net/ethernet/intel/i40evf/i40e_virtchnl.h,1,0,2976
2331e06865047a0c4ff3fb838716210e7a296a4d,drivers/tty/serial/lpc32xx_hs.c,1,1,160
7d11965ddb9b9b1e0a5d13c58345ada1ccbc663b,include/linux/raid/pq.h,5,0,499
8c310573fe4fdaedd8963890b2da39f39c01ab34,drivers/staging/dt3155/dt3155_isr.c,0,461,12414
3a8954e8f22cf31791d8c524c2839433e39f9368,drivers/staging/dt3155/dt3155_isr.c,24,29,6157
6c9deb7201d96733dcd1b4cc44e99232308db359,include/acpi/acresrc.h,1,1,418
b516b88a7946c92d418c8ad2673b94ea568d1cf5,drivers/char/hw_random/atmel-rng.c,1,1,97
d0634868d30ed2c511b45c63efe8eeb85c62c7f6,drivers/net/ethernet/broadcom/bcmsysport.h,1,1,81
5d3921117d7c3bfec5a5877ba0be0430e2aec491,drivers/staging/dt3155/dt3155_isr.c,1,1,12414
f4f24d1fd0803e8b5de5da373276f5046bef7463,drivers/media/dvb-frontends/drxd_hard.c,1,2,653
4df9c29bf6eec23e99e83c9e1531603af69b4b42,arch/arm/mach-omap2/omap-hotplug.c,0,6,2167
a6b7a407865aab9f849dd99a71072b7cd1175116,drivers/net/8390.h,1,0,1515
a639315d6c536c806724c9328941a2517507e3e3,include/linux/pmem.h,1,25,197
17070f242aa989c33b227e61ea060f768a77f2dc,drivers/platform/x86/dell-smbios.c,1,2,1241
f5b55fa1f81d518925d68b50d2316850c525d1ad,include/linux/raid/pq.h,1,0,82
ee4f6b4b89665b92ead67deaa2e5d2ffa1af2b5f,drivers/tty/Makefile,2,0,13381
5a0e3ad6af8660be21ca98a971cd00f331318c05,drivers/idle/i7300_idle.c,1,0,26
75a44ce00b312f57264f42a0a985d17cd9994b98,drivers/acpi/utilities/utresrc.c,1,1,1117
3d03cfcaf6cde186f439ca1a318423007570760a,drivers/staging/comedi/drivers/amplc_pci263.c,2,4,157
ed291e8051ee418de7ccd3507c1e783323fd1c35,drivers/staging/rt2860/sta/wpa.c,5,5,16949
dec2b2849cfccf09822d6ce3f9bc84b8c8611152,arch/arc/kernel/intc-arcv2.c,23,17,537
09c8a5b85e5f1e74a19bdd7c85547429d51df1cd,drivers/idle/i7300_idle.c,8,8,197
fca3469aa844e2ae993445aa5f41397003199be7,drivers/media/common/saa7146_vbi.c,5,18,1829
371abf6def2dfa378b8012ca1d154909e5aecb1c,drivers/staging/rt2870/common/cmm_info.c,294,2944,12581
33093e186c8f80b443fafb1d347a140bdd2b86c6,drivers/idle/i7300_idle.c,18,15,17415
add47067a8ca324e9d26c4373350dc3cce7f1e7f,arch/sh/kernel/time_64.c,0,264,10721
aa337ef1fbc9650f8b5b9087af1dac33f71eb01c,drivers/staging/dt3155/dt3155_isr.c,545,0,15550
1f8c88c3b52ffd424ca76f80d1ed78639c532aef,drivers/scsi/dpti.h,0,1,825
1f83b8f148a1eb967d2a628cbb741cd56fb54572,arch/blackfin/mach-common/ints-priority-dc.c,4,4,17881
0eee53cdd985772284a14b21088e7677aeca45f9,drivers/bluetooth/btintel.h,2,1,2022
93272e07d8539cddce9a2a17b7b0de1326957599,include/linux/micrel_phy.h,1,0,7117
b5b4f2881f619460fdb165111bac10a3dd8eebee,arch/arm/mach-omap2/omap-hotplug.c,9,5,2167
4aa79961a50119d6112a160e97d5e6a77656b68c,drivers/misc/mic/host/mic_x100.c,1,1,3918
50c25fff5385c6baf3114f7c369b0f75a29ac1e8,drivers/media/common/saa7146_vbi.c,3,3,20912
e8b962b6df50b74afed14af7f7a7d569b3ba70ac,drivers/char/drm/drm_sysfs.c,101,49,18464
3696203c47544f126fe6f0edd6e88e5cc90e7f34,arch/arm/mach-omap2/omap-hotplug.c,6,0,574
8c34b5c4c82e060de0d8bbf26b978c68bffe5a18,drivers/media/rc/st_rc.c,1,1,593
db94bfad3b05c9a3cd5c151018db142b07486d02,drivers/staging/comedi/drivers/amplc_pci263.c,28,31,157
57f7bd5b455298dbe94227aa1fedbbfe63bbf252,drivers/char/drm/drm_sysfs.c,0,2,4210
7518a238ea0152dc849d1ed76d3cae8b44e12f46,fs/btrfs/mkfs.c,3,6,12074
d1a890fa37f27d6aca3abc6e25e4148efc3223a6,drivers/net/vmxnet3/vmxnet3_defs.h,535,0,6140
55d9fcf57ba5ec427544fca7abc335cf3da78160,drivers/scsi/dpti.h,2,6,14152
048a8b8c89dc427dd7a58527c8923224b1e66d83,include/linux/raid/pq.h,12,6,11102
08942f6d5d992e9486b07653fd87ea8182a22fa0,tools/perf/Documentation/perf-bench.txt,73,4,867
1b53c2fb43a0f03f7bb8a179d910e98a2fe68674,drivers/net/ethernet/intel/i40evf/i40e_virtchnl.h,11,5,103
542dd33a4925757c93b2c811b19434822a6c1a73,drivers/rtc/rtc-s35390a.c,116,0,11412
c2dd2513ea7aafe5cca2460aecaf83cb46128faf,drivers/media/platform/vsp1/vsp1_dl.c,122,140,644
14d836e7499c53a1f6a65086c3d11600e871a971,drivers/mmc/sdhci.h,2,2,13853
9a17f40048be305749f53278c857bf52939081f3,scripts/package/buildtar,4,0,13944
6743527441430586aa82a0dee1b2700a2a974ebc,drivers/mmc/sdhci.h,4,0,17042
3cf830a1dbd3ad5da682b9f6f338428f97500432,drivers/staging/rt2860/sta/wpa.c,0,4,12581
55ff4ea9a853f5ec9a8290c0ccc1d00c97e49f82,drivers/net/ethernet/broadcom/bcmsysport.h,2,0,81
da477737c5ec99d37cb78dab909aa0402a0ebf18,arch/s390/include/asm/cio.h,0,4,145
e3f2300036b5e0f60cb64063a9686361b6be8555,arch/blackfin/mach-common/ints-priority-dc.c,1,1,1395
0df289a209e02f0926042ab07d7d2595ea2d2e9b,drivers/media/dvb-frontends/drxd_hard.c,1,1,1587
92ebd0d1a80930c52eb091d497d4527c4fe556ca,drivers/platform/x86/dell-smbios.c,1,2,1241
eff54802fe981a378555aebd86af0d11e83899ff,drivers/char/hw_random/atmel-rng.c,0,1,2630
09f7efabd58058e0b2496155b469e06d80267547,drivers/net/ethernet/intel/i40evf/i40e_virtchnl.h,1,0,2976
92a19f9cec9a80ad93c06e115822deb729e2c6ad,drivers/tty/serial/lpc32xx_hs.c,6,5,924
e802b4b79d2b25c47736c135a709b6c31e95fc39,drivers/staging/dt3155/dt3155_isr.c,2,2,12414
484d3be1bded596a404ac99401652c7728be2f24,drivers/staging/dt3155/dt3155_isr.c,147,147,14763
b6f0629a94f7ed6089560be7f0561be19f934fc4,tools/perf/Documentation/perf-bench.txt,4,0,7687
d2c1b028db2e0b153f1aff28e3010a494c8aadc1,drivers/media/platform/vsp1/vsp1_dl.c,29,11,644
96db255c8f014ae3497507104e8df809785a619f,include/acpi/acresrc.h,13,13,418
22f8b458223151272f6a1e57847b90979958cc7b,mm/Kconfig.debug,6,6,15243
6929fe8a37365148228206eea8577b3524afc463,drivers/net/vmxnet3/vmxnet3_defs.h,5,1,15005
bfaff75b09c42d8fc57b020034e836fe9048f8b1,drivers/char/hw_random/atmel-rng.c,4,11,6156
0897831bb54eb36fd9e2a22da7f0f64be1b20d09,include/acpi/acresrc.h,200,200,418
bda663d36b94c723153246a4231bbc0f1cd1836e,include/acpi/acresrc.h,23,23,8842
b818d1a7f72575eef17e00dc4085512c9cc8897d,include/linux/micrel_phy.h,1,0,3267
54efd50bfd873e2dbf784e0b21a8027ba4299a3e,drivers/block/rsxx/dev.c,2,0,1477
2235cf63400928a2deeccf65735e611a2d8aae30,drivers/media/rc/st_rc.c,4,4,4871
9a8dd1502de6aa683ae46cf0397e9b6e636416fb,fs/btrfs/mkfs.c,18,18,12074
098297b27d23ad9d0fc302e3417474d9342c6c14,fs/reiserfs/objectid.c,63,31,453
35c579070a349cfe54f9e09a47df2c5b68d58469,include/linux/micrel_phy.h,1,1,6109
2163266c2704aa44211b6b61924a0fa570fe0d4b,arch/arc/kernel/intc-arcv2.c,3,3,538
bc2104c27aad0c988d23c6abcd46f3313618bdbb,drivers/platform/x86/dell-smbios.c,2,1,1241
7d12e780e003f93433d49ce78cfedf4b4c52adc5,drivers/scsi/dpti.h,1,1,122
82fea5a1bbbe8c3b56d5f3efbf8880c7b25b1758,arch/arc/kernel/intc-arcv2.c,1,1,537
74321d4c99fc1d2582085cbb614d5a3ea9da962d,drivers/misc/mic/host/mic_x100.c,1,1,3918
f281233d3eba15fb225d21ae2e228fd4553d824a,drivers/scsi/dpti.h,1,1,3547
12e95a6366cbf30341e0e4330c04c6b6d8895f16,drivers/staging/rt3070/common/cmm_data.c,3,39,12581
3593cab5d62c4c7abced1076710f9bc2d8847433,drivers/media/common/saa7146_vbi.c,1,1,8898
554c06ba3ee29cf453fca17e9e61120b75aa476d,drivers/cpuidle/cpuidle-calxeda.c,0,1,511
bbcf071969b20f356877c8067986be0a2dcaa2aa,drivers/cpufreq/exynos4x12-cpufreq.c,1,1,578
6c3561b0c1b64c8f0d1419f3909ab29f0eb98906,drivers/net/8390.h,14,14,12446
62683ab51e487fb6b761ac15b9c0b78c7c3ad431,drivers/net/ethernet/intel/i40evf/i40e_virtchnl.h,364,0,3469
3843e5154cdcab15fa7405f175e9a1626030792d,drivers/net/vmxnet3/vmxnet3_defs.h,3,3,13778
8281958ba7c8f4cb8695113a221e1f508f4feea6,drivers/staging/rt2860/sta/wpa.c,46,46,12581
fe20ba70abf7d6e5855c3dacc729490b3d0d077f,drivers/rtc/rtc-s35390a.c,16,17,16606
b170d8ce3f81bd97e85756e9184779a56a5f55a7,drivers/misc/mic/host/mic_x100.c,75,0,3918
fa46aa71d7362798956d11f794971b50054d19b7,drivers/staging/rt2870/common/cmm_info.c,2,29,12581
09f1b80ba8c967b6e17c0516e95578d5da18115f,fs/reiserfs/objectid.c,2,2,453
b831607d3460fb87570c1c274d71388400b47d2f,drivers/net/ethernet/intel/i40evf/i40e_virtchnl.h,4,1,2438
66bc600363acd0acae84e878e5a06e7b7a38c014,drivers/block/rsxx/dev.c,4,0,9500
9d162ed69f51cbd9ee5a0c7e82aba7acc96362ff,include/linux/micrel_phy.h,2,0,799
cfdf82bc3db57b99982bce9280ad2bf6b179ee3a,drivers/staging/rt2870/common/cmm_info.c,0,2,12581
39af33fc458543fd6daaf154e109eba22ab89a8f,drivers/char/hw_random/atmel-rng.c,1,1,10611
b8e4d89357fc434618a59c1047cac72641191805,drivers/acpi/utilities/utresrc.c,16,0,418
966f2a71a92d1e7adafb5c62d1634beb451b1500,drivers/cpufreq/exynos4x12-cpufreq.c,0,236,1208
7056741fd9fc14a65608549a4657cf5178f05f63,include/linux/raid/pq.h,1,0,11102
7bc32f6f90dae67730645da67bfd44304f810f93,mm/Kconfig.debug,11,14,1175
6ab3d5624e172c553004ecc862bfeac16d9d68b7,arch/m68k/amiga/chipram.c,0,1,20468
c0a32fc5a2e470d0b02597b23ad79a317735253e,mm/Kconfig.debug,5,0,464
1c2fb3f38e250dd3b88612435869acf92b4f51e2,drivers/scsi/dpti.h,1,1,18311
ccd6da2ab81815e03c0713069597a8fc8f6f8431,drivers/bluetooth/btintel.h,15,0,2706
f81e83c418b0d59c036e071e11a7c143bc507781,drivers/media/platform/vsp1/vsp1_dl.c,238,51,644
d21beffb0b9181c8823f71a5a7fabce6a0d4cf29,arch/arc/kernel/intc-arcv2.c,6,2,537
1ad1410f632d4141221634308a5e56f339f92009,mm/Kconfig.debug,0,2,2792
184cddd1e004d3ebd473f9e1ce20dec1d2576fd1,drivers/cpufreq/exynos4x12-cpufreq.c,0,8,8462
b9eacec3e66cd7e3db11882474024d1586d1f832,drivers/net/ethernet/intel/i40evf/i40e_virtchnl.h,1,0,2976
8b2cc917a02936c3ea7d8da46801c7b7b6233093,drivers/scsi/dpti.h,0,13,1510
843894ada9433fd7eb3ecd4d0ae24807f1edb622,drivers/staging/dt3155/dt3155_isr.c,28,46,6157
8f8218e89d5500f5d53556a3e0739d1ffc591aa1,drivers/media/rc/st_rc.c,4,4,1587
a298049180d2c56fc8ac1796b24973bf4f019cc7,arch/blackfin/mach-common/ints-priority-dc.c,0,3,17881
d7637949629c6fe0938666e8f7b88f944afb1f4b,drivers/staging/rt3070/common/cmm_data.c,324,2268,12581
973bb97e5aee56edddaae3d5c96877101ad509c0,drivers/bluetooth/btintel.h,5,0,2706
9144b3cded04a05d4b4e18dc9dcfb5b8ada3f2fc,drivers/tty/serial/lpc32xx_hs.c,0,1,2630
e642f09951f7cbb69983781b07bb9cd881546ac4,drivers/staging/rt3070/common/cmm_data.c,2827,0,12414
9141d30a480850d989fc245909b98670a7b66ec1,arch/sh/kernel/time_64.c,2,2,10721
d75b81a803bd93784d854bea13668db9dd75ff02,drivers/staging/rt3070/common/cmm_data.c,1,1,14223
623211de9a3bfd0fabc81f8bff8c79fd9e4944ba,drivers/staging/comedi/drivers/amplc_pci263.c,8,3,157
47593bfa1056d306fde067b28dd8617009be4121,arch/s390/include/asm/cio.h,2,0,1103
45b03d5e8e674eb6555b767e1c8eb40b671ff892,fs/reiserfs/objectid.c,2,2,453
cab49bc95d848a85d7108f896f6d21283f25f54c,arch/m68k/amiga/chipram.c,9,6,318
4e65331c6bb4a777bd61a4dac0daa9fc47777b63,arch/arm/mach-omap2/omap-hotplug.c,1,1,574
6d2e50d24098b1f80ad76db9a9cb9668c4bf6b50,drivers/bluetooth/btintel.h,6,0,2706
96f7ef90cc373f805a38f2a3e96a8b1948706954,drivers/platform/x86/dell-smbios.c,13,0,1241
7eb6e340526adf14ed7cf7dfde8b9c6fc0741cfc,scripts/package/buildtar,0,1,6736
d2228b91fc7709fddeb34450c0ce059fe0a19c60,drivers/cpufreq/exynos4x12-cpufreq.c,1,1,1553
9489a8ff0a13fc0f62e556a31341d3bbaef9da6b,drivers/media/platform/vsp1/vsp1_dl.c,57,14,644
61357325f377889a1daffa14962d705dc814dd0e,drivers/net/8390.h,2,2,10891
1517b0392369d67250e6b275671be5bdbf64b81e,drivers/media/platform/vsp1/vsp1_dl.c,305,0,4513
3d3c6f54bccf0a621682d17e25cf22895a0c6e5a,drivers/cpufreq/exynos4x12-cpufreq.c,0,1,8154
3f4a2670deea53e3765e24a7f46aafe6f077cb68,include/linux/pmem.h,21,1,38
69ed25b895b01216b392b60ad3b99d1274e1afa8,arch/mips/lib/r3k_dump_tlb.c,3,118,8100
48c4ac976ae995f263cde8f09578de86bc8e9f1d,arch/mips/lib/r3k_dump_tlb.c,4,2,87
33aeb9da1b5248c8ffce046be4e992ff5d97d529,drivers/tty/serial/lpc32xx_hs.c,1,1,9526
9d0554fff9a21d846adcfbd14cfb02e82773162c,drivers/cpufreq/exynos4x12-cpufreq.c,67,310,8462
f6dd9221dddb3550e60d32aee688588ec208312c,include/acpi/acresrc.h,5,2,418
c2ecb4c4a7da16288062a057b693b7b1e16aaf88,arch/sh/kernel/time_64.c,1,50,10721
d45b9b8ab43c8973a9630ac54f4ede6c3e009f9e,drivers/media/video/ovcamchip/ovcamchip_core.c,0,6,294
0030b64570c862f04c1550ba4a0bf7a9c128162a,fs/reiserfs/objectid.c,2,2,453
3c5f9be461cd86394a143e73f2325da5938bce0b,drivers/acpi/utilities/utresrc.c,1,1,467
8c6270f957f0eaa343e4a609159c4b85038468d6,drivers/net/8390.h,1,15,12446
4119532c95547821dbe72d6916dfa1b2148475b3,include/acpi/acresrc.h,7,7,418
70d93d89416562c32adc9444a15677bdf25a72ab,arch/arc/kernel/intc-arcv2.c,0,1,6073
f36f8c75ae2e7d4da34f4c908cebdb4aa42c977e,security/keys/Makefile,1,0,122
bc05b159c5a7db29e38890ff1ad4b07a586896cf,drivers/staging/rt2870/common/cmm_info.c,4,74,12581
7c57fe419b34ffef00441a4aed740e586b8202b0,drivers/staging/rt3070/common/cmm_data.c,0,9,12581
3e8962be915bacc1d70e4849a075041838d60a3f,fs/reiserfs/objectid.c,7,10,21370
24f81a7047fd3945a551699208bf7851c7de3139,drivers/idle/i7300_idle.c,1,1,12309
ea6eabb05b26bd3d6f60b29b77a03bc61479fc0f,mm/Kconfig.debug,16,2,146
38059ec2bd2ce9e4709f49f34795aa0944287908,include/linux/raid/pq.h,1,1,18
c42831c8a9db32a5a0e2c6c31042014039f11739,drivers/platform/x86/dell-smbios.c,1,4,1241
2219a935963e5eeb19e5abfb99475fcc06bbb804,drivers/power/bq24257_charger.c,863,0,6285
0b210d96a6f9f8fc10bca482ca6f6d87bf52927e,drivers/cpuidle/cpuidle-calxeda.c,1,50,511
0abc920116303e81702a38429a1b61a896e02b37,drivers/rtc/rtc-s35390a.c,1,12,6158
fc0c2028135c7f75fce36b90e44efb8003a9173b,include/linux/pmem.h,16,6,197
747a598ffa7dff499ee93d414b74a08af6ec657e,drivers/gpu/drm/msm/msm_fb.c,1,1,882
ee83c475415edd48b0739bee230b75454b82199e,drivers/platform/x86/dell-smbios.c,2,2,1241
c475c06f4bb689d6ad87d7512e036d6dface3160,drivers/char/hw_random/atmel-rng.c,1,1,10913
e98a7bf0b094dea1ceed3a4d52584dcd59af0980,arch/arc/kernel/intc-arcv2.c,1,1,538
44d0b80e5ff741d502a6ccc8685a18bda1ac9da4,drivers/media/common/saa7146_vbi.c,24,24,467
474fd6e80fe529e9adeeb7ea9d4e5d6c4da0b7fe,include/linux/raid/pq.h,1,0,82
97f2c4289c591c2f24fb4a4cc03d78a0bef93187,drivers/tty/serial/lpc32xx_hs.c,1,3,578
bc0c7ece6191d89f435e4e4016f74167430c6c21,arch/arc/kernel/intc-arcv2.c,1,1,538
213445b2b40e87e819c7d949ae7d97c30dcd0853,drivers/bluetooth/btintel.h,12,0,2706
52fc0b026e99b5d5d585095148d997d5634bbc25,drivers/acpi/utilities/utresrc.c,4,0,418
06915321e7935d2eb778f0a7f333b2603c1404df,arch/arm/mach-omap2/omap-hotplug.c,1,15,107
8be80ed3f74a60e1af5a30e6b4fa4f744911676e,arch/blackfin/mach-common/ints-priority-dc.c,22,16,17049
7820f9e1dddcfebae2698fb2a245d04ce3aa6e74,include/linux/raid/pq.h,19,0,4826
b6aa7e1817a35b93550283707dc93c98d41813eb,drivers/platform/x86/dell-smbios.c,3,3,1241
055e5110ae0c0c1176a75b78d789294f2ff2f7af,drivers/net/8390.h,15,2,11116
4edf00a46bee692f62578b5280c5774f9b65a08f,arch/mips/lib/r3k_dump_tlb.c,4,4,17
5de490daec8b6354b90d5c9d3e2415b195f5adb6,include/linux/pmem.h,60,3,38
45dac1d6ea045ae56e4df8d9c70c92c7412bd4fc,drivers/net/vmxnet3/vmxnet3_defs.h,35,2,6140
303ee97d3c8c11529ab7bccc2c0a4e3f18befcee,drivers/staging/rt2870/common/cmm_info.c,14,38,12581
fefecc6989b4b24276797270c0e229c07be02ad3,drivers/staging/rt2870/common/cmm_info.c,0,1,231
9e902df6be2cb7444e5a0f7e2e72bcbf3b978f3e,fs/reiserfs/objectid.c,2,3,10079
f0aa2a1739e03757b07fbf62680d84de54f8e59a,drivers/staging/dt3155/dt3155_isr.c,128,161,6157
73511ff30c6dc5347ede4c2a2fa5ab22fae3f152,drivers/platform/x86/dell-smbios.c,0,25,1241
8b152f1096975d012f60387b899d407e4a93b46c,drivers/tty/serial/lpc32xx_hs.c,0,7,1152
c4aaa2957b6c6858459653307e67982924717d21,drivers/cpufreq/exynos4x12-cpufreq.c,2,1,7988
4bd7b5127bd02c12c1cc837a7a0b6ce295eb2505,include/linux/micrel_phy.h,2,0,748
3b84b8efef054ba59e7679d1d430afb437aa4640,drivers/power/bq24257_charger.c,1,4,3970
2e124b4a390ca85325fae75764bef92f0547fa25,drivers/tty/serial/lpc32xx_hs.c,2,14,924
80105befdb4b8cea924711b40b2462b87df65b62,drivers/net/ethernet/broadcom/bcmsysport.h,677,0,81
173c07278763850bfee57eec442dce38855d6f13,drivers/misc/mic/host/mic_x100.c,2,2,3513
b589c8ae095b3d4f4181a6aefb26df5e762d6499,scripts/package/buildtar,3,3,446
8884c092e5e4f9a1b6e44f2e02a3eb5481af87ab,drivers/net/8390.h,14,4,10891
5fb437984b6c4793626be3936297fecece987a9f,drivers/misc/mic/host/mic_x100.c,7,6,33
df5e4e8b576108f88f79e5b4c984d51d460d2360,drivers/misc/mic/host/mic_x100.c,20,16,2037
70ecb3cb033f37fd5024448f809ea028fb85c28b,mm/Kconfig.debug,0,9,2269
cba2e47abcbd80e3f46f460899290402f98090ec,include/linux/pmem.h,16,6,580
e7c953d280cea9a79018ae36e2bc7cedc3678de3,drivers/media/dvb-frontends/drxd_hard.c,4,0,11059
cd6484e1830be260abfba80a9c7d8f65531126d6,drivers/tty/Makefile,1,0,220
510d573fefed904a136b220b259bf48d99d5e381,include/linux/micrel_phy.h,3,3,1316
97f4289ad08cffe55de06d4ac4f89ac540450aee,drivers/staging/comedi/drivers/amplc_pci263.c,9,7,157
820970a5aa3c98be26e1df64da4b93294d20d4e7,arch/arc/kernel/intc-arcv2.c,143,0,537
03ddd40f1451674e94f717e6a2bff58ddebf3eef,drivers/staging/rt3070/common/cmm_data.c,0,13,12581
3ad2f3fbb961429d2aa627465ae4829758bc7e07,arch/s390/include/asm/cio.h,1,1,14059
6db175c7333e22ee818373cbea067e3eaa0236f7,tools/perf/Documentation/perf-bench.txt,0,16,502
a99bbccd8738c0d8df270391284db2fae28d8a82,arch/blackfin/mach-common/ints-priority-dc.c,7,1,17881
2fefd5f6688deaaac96497426677ef1333b5982b,drivers/staging/rt2870/common/cmm_info.c,1,1,11751
2bc1c810c3dd295d8f1f65b4d68077b58f435c4b,drivers/staging/rt3070/common/cmm_data.c,0,8,12581
666b7793d4bfa9f150b5c2007ab48c755ddc53ca,drivers/tty/Makefile,1,0,10923
7408187d223f63d46a13b6a35b8f96b032c2f623,drivers/media/video/ovcamchip/ovcamchip_core.c,1,2,20244
d00a1c72f7f4661212299e6cb132dfa58030bcdb,security/keys/Makefile,1,0,829
bf9d89295233ae2ba7b312c78ee5657307b09f4c,drivers/char/drm/drm_sysfs.c,1,1,13778
619506d5dabb49b7f223a4f2f6b8d697574dd799,arch/s390/include/asm/cio.h,2,0,3139
dc76a1adfa12ad11957bdeec565dbccf37205d04,include/linux/micrel_phy.h,6,0,8446
a897854c30903bc77d919fc303009d17c1548b08,drivers/staging/gma500/psb_drm.h,7,0,1022
2d47b7160243b1422006b91debf438484a4fde58,drivers/tty/serial/lpc32xx_hs.c,1,1,10611
f369e3781611e78127c34195659538e37568c79c,arch/m68k/amiga/chipram.c,0,4,318
a23ba43573a24c351640bc19c06c701798fe6e25,arch/sh/kernel/time_64.c,5,5,10721
4c87b948b258829f0bdffe51baa72fba5c42d359,scripts/package/buildtar,2,2,17328
dece16353ef47d8d33f5302bc158072a9d65e26f,drivers/block/rsxx/dev.c,3,2,125
41e043fcfa2236bb2c4a8335eb09f4c8cee224b3,drivers/staging/comedi/drivers/amplc_pci263.c,1,1,6156
212ea99a85d30dbc834888384c57ad5abbc67a0a,include/linux/micrel_phy.h,1,0,1316
643f720cea989d2913fc0120a2384fecc1be1f9a,drivers/mmc/sdhci.h,3,2,17042
18e22a1772260045648e49e2048ecc7193422a80,arch/s390/include/asm/cio.h,1,0,1103
b229cf92eee616c7cb5ad8cdb35a19b119f00bc8,drivers/acpi/utilities/utresrc.c,49,56,418
077df884835ebf2b5db16aacd9a24691d89902a0,drivers/mmc/sdhci.h,2,0,17042
ad0e8a4c15d82d55a731056eeef1288bf7e1c4dc,drivers/net/8390.h,0,1,16518
7f4b04614a273089ad65654f53771c033fadc65e,drivers/cpufreq/exynos4x12-cpufreq.c,15,15,578
a1fa98d8116fb4f8a5df91fb2267ce8d192f6875,drivers/char/hw_random/atmel-rng.c,21,3,2189
677d3e2f07d1b3d6d2f76fd5552d16a53b9236a0,drivers/char/hw_random/atmel-rng.c,158,0,10913
7feb99e1308204e4d849dada3443bc410ce5026b,drivers/bluetooth/btintel.h,5,0,2706
491a48aa52f03b4654edbf8f97c1aa7d2f24f62e,arch/mips/lib/r3k_dump_tlb.c,2,2,7433
2199254cb50a650934ef2d1c531ec6fdc0a826c5,drivers/net/ethernet/intel/i40evf/i40e_virtchnl.h,1,0,2250
96fd7ce58ffb5c7bf376796b5525ba3ea1c9d69f,drivers/tty/Makefile,9,0,12414
066361a7c58cb6c8b18c7ce0ee8527bb1ce58460,drivers/idle/i7300_idle.c,4,4,321
5ff8c89d112cbeb5776d5ba40a224b70f67e41bb,drivers/power/bq24257_charger.c,4,24,3970
b34b33ca5d9650eb20765fe85b20f671551e5133,drivers/staging/rt3070/common/cmm_data.c,0,10,12581
f35c7480f81b70f9c3030d96a3807e8faba34cf7,drivers/net/vmxnet3/vmxnet3_defs.h,21,1,3057
8722ff8cdbfac9c1b20e67bb067b455c48cb8e93,drivers/block/rsxx/dev.c,367,0,10855
234b63a091e1df6bd4261dd7b3a7490074830628,fs/btrfs/mkfs.c,13,13,12074
4a9655051fb1efa568e53baf5dfb21e33bad6bf6,drivers/mmc/sdhci.h,4,0,17042
8bcbdf603bc4bf24c2bcfa071871afb03dd3ae80,arch/m68k/amiga/chipram.c,1,2,19571
3eb8dcafb5a73041e2f3b4a39c057a58e4354d83,drivers/block/rsxx/dev.c,3,0,9500
7d35b8d09fb0cb0a89c8c265a5bfb52c2867b1d5,arch/arm/mach-omap2/omap-hotplug.c,79,0,2167
5f5d2df8ab0b5b6e8514c69b33cc92cac45cda75,drivers/staging/rt2860/sta/wpa.c,9,0,12581
c93999c21319439c4fe2da85f2ec40ed477379ac,drivers/staging/comedi/drivers/amplc_pci263.c,0,2,157
3e0137f6c7852aff12db0da7bb45f8b3a0a704c8,arch/sh/kernel/time_64.c,0,8,10721
62733e5a5a480a893e56fa6133ae90904d857bc4,arch/s390/include/asm/cio.h,17,205,145
3b23bc5731d476b0913c437626d6a6f51687d1d6,drivers/media/video/ovcamchip/ovcamchip_core.c,0,395,10024
5d135440faf7db8d566de0c6fab36b16cf9cfc3b,security/keys/Makefile,1,0,122
7b379cc3785bfa827249a265548a055e934eaaea,drivers/block/rsxx/dev.c,1,19,9500
94f060bd0f78814f4daf8c7942bd710af52c7d6f,drivers/char/drm/drm_sysfs.c,4,4,1175
cdd9a6316bfb85176aba83e9532fbc46c9588378,drivers/media/rc/st_rc.c,2,3,830
60b4ea1781fd862e9222d082af79a5770440d390,drivers/net/ethernet/broadcom/bcmsysport.h,3,0,81
25985edcedea6396277003854657b5f3cb31a628,drivers/staging/gma500/psb_drm.h,1,1,10375
ef9621bcd6640d48834ec9315dae06e9d7cb5283,drivers/media/platform/vsp1/vsp1_dl.c,31,5,644
971ac16d56301c7150771409607846f9facc2f13,arch/sh/kernel/time_64.c,1,0,10721
a0d1251da012594381165e36590312009693bf49,drivers/media/video/ovcamchip/ovcamchip_core.c,0,6,294
3a6a9201897c6482573ad07ee880574147761006,drivers/misc/mic/host/mic_x100.c,251,0,3918
94aa44090eda62320ce0dfd8c52ac21e787215a2,drivers/cpufreq/exynos4x12-cpufreq.c,1,1,8462
e31cd7824d054d30ffc9f45550343123bc437e17,drivers/power/bq24257_charger.c,3,8,381
c7b0ac0546985fc6361a8d92cf808d46da797677,drivers/media/common/saa7146_vbi.c,4,4,1972
cf4671559fdc0550de38fc8f6cd0ea6369736f1f,drivers/cpufreq/exynos4x12-cpufreq.c,9,59,1553
1d504b649faf9f27de8ee0a5532e29b8d1fb2a02,drivers/media/rc/st_rc.c,13,0,8854
b305271861219f0ce162eb565f0f28f4c781299d,drivers/media/video/ovcamchip/ovcamchip_core.c,0,1,9086
0d52c756a665adc032c791307bc55e392b0186b3,drivers/block/rsxx/dev.c,1,3,197
78babc1633c4b0664ea516500c2ace9bf1f17bc7,drivers/gpu/drm/msm/msm_fb.c,2,2,1124
4778e0e8c64f683a71632dba1cff1f85f76f83c4,tools/perf/Documentation/perf-bench.txt,1,1,222
179cf194e6d153fb6daeca811253502d5c84e4c8,arch/arc/kernel/intc-arcv2.c,17,11,537
fbe5498b3d5af44a8671800e85b2858c2ea236fa,fs/reiserfs/objectid.c,1,1,13778
1b0ccb8a4eee2d8c14adc996e07335cb7aa9e2ac,arch/arc/kernel/intc-arcv2.c,6,3,537
a35c50510dd4d20a9275a0d3d16b859d11b35606,drivers/cpufreq/exynos4x12-cpufreq.c,536,0,11736
b25854e134e9a28c600937ac2320d65c1530283e,drivers/media/platform/vsp1/vsp1_dl.c,1,1,644
146ad66eac836c0b976c98f428d73e1f6a75270d,drivers/mmc/sdhci.h,8,1,17042
474432229f9482f0f4a2732f2e130dc48247f1d7,drivers/net/vmxnet3/vmxnet3_defs.h,17,0,3057
8eb0984bf4fe82237f95481ff0afe514a676c717,arch/arc/kernel/intc-arcv2.c,13,2,537
8b35c2fee8a0a5f9c4779ad2eda8a8c9cf1be99d,drivers/media/dvb-frontends/drxd_hard.c,5,3,8928
2638d90abbe7dc23448f6b6b723cb91344cf93aa,drivers/gpu/drm/msm/msm_fb.c,36,0,1124
7ca12718b393a6b71fc62782a64737b5c9dc6d3c,drivers/gpu/drm/msm/msm_fb.c,1,1,5355
5be3246306e613055505f4950411f5497d97edb0,arch/m68k/amiga/chipram.c,61,56,318
61031952f4c89dba1065f7a5b9419badb112554c,include/linux/pmem.h,153,0,38
6a35528a8346f6e6fd32ed7e51f04d1fa4ca2c01,drivers/idle/i7300_idle.c,1,1,15728
b4cd3d6a77b3f8acfd5b8ae9ea9dc43f831f0df9,drivers/rtc/rtc-s35390a.c,6,8,6156
7dfe43c52d2cd595964c38281499c5361a0a8e85,drivers/staging/gma500/psb_drm.h,12,0,1022
91400ac365da35b18036b46bdda27ddbcee4a663,scripts/package/buildtar,4,0,809
bbc8d77db655be61a21d7623428c46c578a866d3,drivers/cpuidle/cpuidle-calxeda.c,0,14,8945
9cb78c16f5dadefd8dc5ba0ae5a2f26cd59419b3,drivers/scsi/dpti.h,2,4,825
1d5b285da1893b90507b081664ac27f1a8a3dc5b,include/acpi/acresrc.h,1,0,418
7d7b7adf6bf934064c8fdc4031e75f1a20aaac92,drivers/staging/gma500/psb_drm.h,2,1,1022
247c445c0fbd52c77e497ff5bfcf0dceb8afea8d,arch/arm/mach-omap2/omap-hotplug.c,19,4,2167
007ee5f65693fd7370c0f6e70269175ac2ed1a28,drivers/power/bq24257_charger.c,53,0,3970
fd3509436fde38d4c854bf5a6b83d2c779904f8e,drivers/acpi/utilities/utresrc.c,0,1,1117
619c027da030c532fb9a94911a117ffaa5d844b6,drivers/media/dvb-frontends/drxd_hard.c,1,2,7778
432d9ecb9628bdcb20670b2cf0678f3738bd40a5,arch/mips/lib/r3k_dump_tlb.c,1,1,7433
e227867f12302633737bd2a48a10a9a72c0630cb,arch/s390/include/asm/cio.h,1,1,313
21961efa1381053633aed190fdaac21481fb6c12,drivers/char/hw_random/atmel-rng.c,4,4,560
1414c7f4f7d72d138fff35f00151d15749b5beda,mm/Kconfig.debug,14,0,4240
7194b62c8c99727e3f145b00b8390a905252370e,drivers/gpu/drm/msm/msm_fb.c,3,4,5355
4e4fd4e485ad63a9074ff09a9b53ffc7a5c594ec,drivers/net/8390.h,5,0,10891
138606ffe45511fa774e51df04f6da562ff9c44d,drivers/power/bq24257_charger.c,43,0,3970
7c8a6a71904d57ae5fb24140f9661ec22ca9ee85,include/linux/pmem.h,4,42,197
604f28e2b8d34cbaf08f0351374645f161335a82,drivers/media/video/ovcamchip/ovcamchip_core.c,4,2,18968
a8ad0bd84f986072314595d05444719fdf29e412,drivers/gpu/drm/msm/msm_fb.c,1,2,489
825a2ff1896ec3ead94bebef60c71f57254da58a,drivers/net/8390.h,11,0,18315
48f0ed1bb68589db5d6566bd3cd28ec675feaf2f,drivers/bluetooth/btintel.h,41,0,2706
4f024f3797c43cb4b73cd2c50cec728842d0e49e,drivers/block/rsxx/dev.c,3,3,4883
7b80fb32b39a51ce3e1afa051f5a616eb8ecbed3,arch/sh/kernel/time_64.c,0,5,10721
aea74b6567997bbb670357caa57aff39c8c390a5,drivers/staging/gma500/psb_drm.h,0,111,1022
f0b5d12f2b3226c85258519d7725e63d9daf5e90,arch/blackfin/mach-common/ints-priority-dc.c,4,1,17881
d599edcaea987e233fad808f88850f725e8a5530,drivers/staging/rt2870/common/cmm_info.c,1,1,13778
c7eb3a7a1790e0a3a063b4183894d0d63ffee431,scripts/package/buildtar,1,2,5032
90450caf968805cdbc8edf61611aac5d281457f0,drivers/gpu/drm/msm/msm_fb.c,0,8,795
9d49f86daba3ed22cadf01beff1b130ad25fe0bf,arch/s390/include/asm/cio.h,10,0,1103
6c9deb7201d96733dcd1b4cc44e99232308db359,drivers/acpi/utilities/utresrc.c,1,1,418
b0d22e52e3d2c2b151dfaa0f6e01bafa5475344f,tools/perf/Documentation/perf-bench.txt,5,5,502
a8e39c35b5d09598e129aa9b5e6f35aa3a1915d9,drivers/cpuidle/cpuidle-calxeda.c,3,1,511
186534a3f83261e4d509ed7721e6a6fdb85ab380,drivers/net/ethernet/broadcom/bcmsysport.h,1,0,81
ae77cbc1e7b90473a2b0963bce0e1eb163873214,include/linux/raid/pq.h,1,0,9846
cc216b86e51e9ab22265ea9591769c9ee235e1e4,drivers/idle/i7300_idle.c,9,6,2302
fe7b10994618c846481fbcf9212d296df47bc1dc,arch/arc/kernel/intc-arcv2.c,2,0,537
1eb83451ba55d7a8c82b76b1591894ff2d4a95f2,drivers/gpu/drm/msm/msm_fb.c,2,2,1055
ced2c60fb5024a5cf5c33cb573b3d6a66d738f36,drivers/misc/mic/host/mic_x100.c,16,16,3513
27ac792ca0b0a1e7e65f20342260650516c95864,arch/m68k/amiga/chipram.c,1,0,16814
